Date/Time,Temp (°C),Dew Point Temp (°C),Rel Hum (%),Wind Dir (10s deg),Wind Spd (km/h),Visibility (km),Stn Press (kPa),Hmdx,Weather
2016-08-01 00:00:00,18.9,17.8,93.0,5.0,8.0,24.1,98.47,,
2016-08-01 01:00:00,18.1,17.5,96.0,36.0,2.0,24.1,98.48,,Mostly Cloudy
2016-08-01 02:00:00,18.1,17.3,95.0,4.0,4.0,24.1,98.47,,
2016-08-01 03:00:00,17.8,17.0,95.0,7.0,8.0,24.1,98.47,,
2016-08-01 04:00:00,17.3,17.0,98.0,4.0,6.0,24.1,98.48,,Mainly Clear
2016-08-01 05:00:00,16.9,16.6,98.0,5.0,4.0,16.1,98.51,,
2016-08-01 06:00:00,17.2,16.4,95.0,4.0,5.0,19.3,98.54,,
2016-08-01 07:00:00,18.6,17.1,91.0,5.0,6.0,24.1,98.57,,Mostly Cloudy
2016-08-01 08:00:00,21.1,18.0,82.0,8.0,10.0,24.1,98.61,27.0,
2016-08-01 09:00:00,22.5,18.9,80.0,13.0,5.0,24.1,98.63,29.0,
2016-08-01 10:00:00,22.9,18.9,78.0,5.0,5.0,24.1,98.6,30.0,Mostly Cloudy
2016-08-01 11:00:00,24.7,20.3,76.0,10.0,14.0,24.1,98.6,33.0,
2016-08-01 12:00:00,25.2,20.8,76.0,12.0,14.0,24.1,98.63,33.0,
2016-08-01 13:00:00,25.9,18.7,64.0,14.0,9.0,24.1,98.61,32.0,Mostly Cloudy
2016-08-01 14:00:00,26.3,19.1,64.0,14.0,10.0,24.1,98.59,33.0,
2016-08-01 15:00:00,26.2,19.0,64.0,7.0,5.0,24.1,98.56,33.0,
2016-08-01 16:00:00,24.1,19.9,77.0,29.0,4.0,24.1,98.5,32.0,Mostly Cloudy
2016-08-01 17:00:00,26.3,19.3,65.0,0.0,1.0,24.1,98.49,33.0,
2016-08-01 18:00:00,26.0,20.0,69.0,24.0,8.0,24.1,98.48,34.0,
2016-08-01 19:00:00,25.1,20.4,75.0,1.0,7.0,24.1,98.49,33.0,Mainly Clear
2016-08-01 20:00:00,22.5,19.5,83.0,2.0,8.0,24.1,98.55,30.0,
2016-08-01 21:00:00,21.0,19.2,89.0,3.0,7.0,24.1,98.62,28.0,
2016-08-01 22:00:00,20.1,18.4,90.0,8.0,4.0,24.1,98.63,26.0,Clear
2016-08-01 23:00:00,18.3,17.2,93.0,36.0,4.0,24.1,98.66,,
2016-08-02 00:00:00,17.7,16.4,92.0,4.0,6.0,24.1,98.67,,
2016-08-02 01:00:00,17.1,16.0,93.0,36.0,1.0,24.1,98.67,,Clear
2016-08-02 02:00:00,16.1,15.6,97.0,3.0,3.0,24.1,98.65,,
2016-08-02 03:00:00,15.8,15.3,97.0,35.0,4.0,24.1,98.64,,
2016-08-02 04:00:00,15.9,15.4,97.0,1.0,5.0,24.1,98.68,,Clear
2016-08-02 05:00:00,16.0,14.6,91.0,3.0,7.0,24.1,98.69,,
2016-08-02 06:00:00,17.5,15.2,86.0,7.0,6.0,24.1,98.71,,
2016-08-02 07:00:00,19.8,16.5,81.0,6.0,10.0,24.1,98.69,,Clear
2016-08-02 08:00:00,23.4,17.5,69.0,7.0,7.0,24.1,98.71,29.0,
2016-08-02 09:00:00,25.4,18.2,64.0,7.0,6.0,24.1,98.73,32.0,
2016-08-02 10:00:00,26.6,16.7,54.0,11.0,9.0,24.1,98.76,32.0,Clear
2016-08-02 11:00:00,27.6,17.9,55.0,13.0,8.0,24.1,98.76,34.0,
2016-08-02 12:00:00,28.4,15.2,44.0,10.0,11.0,24.1,98.77,32.0,
2016-08-02 13:00:00,28.9,15.0,42.0,11.0,9.0,22.5,98.73,33.0,Mainly Clear
2016-08-02 14:00:00,28.9,15.7,44.0,18.0,6.0,24.1,98.68,33.0,
2016-08-02 15:00:00,28.3,15.1,44.0,36.0,2.0,24.1,98.65,32.0,
2016-08-02 16:00:00,28.8,16.6,47.0,17.0,5.0,24.1,98.64,34.0,Mainly Clear
2016-08-02 17:00:00,28.0,18.6,56.0,21.0,11.0,24.1,98.61,34.0,
2016-08-02 18:00:00,27.5,17.3,53.0,21.0,9.0,24.1,98.56,33.0,
2016-08-02 19:00:00,26.1,16.2,54.0,19.0,9.0,24.1,98.59,31.0,Mainly Clear
2016-08-02 20:00:00,22.0,16.6,71.0,20.0,4.0,24.1,98.59,27.0,
2016-08-02 21:00:00,20.1,16.6,80.0,36.0,3.0,24.1,98.62,25.0,
2016-08-02 22:00:00,19.5,16.8,84.0,36.0,3.0,24.1,98.62,,Mainly Clear
2016-08-02 23:00:00,17.7,15.9,89.0,32.0,3.0,24.1,98.64,,
2016-08-03 00:00:00,18.6,16.6,88.0,8.0,4.0,24.1,98.67,,
2016-08-03 01:00:00,17.2,16.2,94.0,2.0,4.0,24.1,98.67,,Clear
2016-08-03 02:00:00,16.6,15.8,95.0,36.0,2.0,24.1,98.66,,
2016-08-03 03:00:00,16.2,15.6,96.0,7.0,3.0,24.1,98.68,,
2016-08-03 04:00:00,15.8,15.2,96.0,3.0,5.0,24.1,98.66,,Clear
2016-08-03 05:00:00,16.6,14.5,87.0,5.0,4.0,24.1,98.65,,
2016-08-03 06:00:00,17.0,14.3,84.0,4.0,5.0,24.1,98.68,,
2016-08-03 07:00:00,19.9,15.0,73.0,6.0,7.0,24.1,98.69,,Clear
2016-08-03 08:00:00,22.9,16.8,68.0,8.0,5.0,24.1,98.71,28.0,
2016-08-03 09:00:00,25.8,17.1,58.0,12.0,8.0,24.1,98.71,31.0,
2016-08-03 10:00:00,26.7,17.1,55.0,10.0,8.0,24.1,98.72,32.0,Mainly Clear
2016-08-03 11:00:00,27.8,16.9,51.0,14.0,5.0,24.1,98.7,33.0,
2016-08-03 12:00:00,28.6,16.1,46.0,36.0,2.0,24.1,98.66,33.0,
2016-08-03 13:00:00,29.5,15.1,41.0,14.0,9.0,24.1,98.63,34.0,Mainly Clear
2016-08-03 14:00:00,30.1,16.0,42.0,17.0,5.0,24.1,98.57,35.0,
2016-08-03 15:00:00,28.9,15.7,44.0,1.0,6.0,24.1,98.54,33.0,
2016-08-03 16:00:00,28.9,16.4,46.0,36.0,2.0,24.1,98.53,34.0,Mostly Cloudy
2016-08-03 17:00:00,28.5,18.8,55.0,24.0,8.0,24.1,98.51,35.0,
2016-08-03 18:00:00,27.5,17.8,55.0,21.0,10.0,24.1,98.52,33.0,
2016-08-03 19:00:00,26.5,16.6,54.0,20.0,13.0,24.1,98.51,32.0,Mainly Clear
2016-08-03 20:00:00,23.3,17.2,68.0,20.0,5.0,24.1,98.52,29.0,
2016-08-03 21:00:00,21.3,17.4,78.0,11.0,5.0,24.1,98.53,27.0,
2016-08-03 22:00:00,19.1,17.1,88.0,4.0,4.0,24.1,98.52,,Mainly Clear
2016-08-03 23:00:00,18.7,17.4,92.0,6.0,4.0,24.1,98.52,,
2016-08-04 00:00:00,18.7,17.2,91.0,10.0,4.0,24.1,98.52,,
2016-08-04 01:00:00,17.6,16.8,95.0,7.0,5.0,24.1,98.52,,Clear
2016-08-04 02:00:00,17.1,16.6,97.0,9.0,3.0,24.1,98.52,,
2016-08-04 03:00:00,16.8,16.3,97.0,9.0,4.0,24.1,98.51,,
2016-08-04 04:00:00,16.2,15.9,98.0,3.0,4.0,24.1,98.52,,Clear
2016-08-04 05:00:00,16.3,15.5,95.0,10.0,4.0,24.1,98.5,,
2016-08-04 06:00:00,16.8,15.5,92.0,6.0,3.0,24.1,98.52,,
2016-08-04 07:00:00,20.0,16.7,81.0,10.0,5.0,24.1,98.54,25.0,Clear
2016-08-04 08:00:00,23.6,19.4,77.0,14.0,10.0,22.5,98.54,31.0,
2016-08-04 09:00:00,25.9,20.6,72.0,11.0,8.0,24.1,98.55,34.0,
2016-08-04 10:00:00,27.6,21.1,67.0,14.0,12.0,24.1,98.54,36.0,Clear
2016-08-04 11:00:00,28.9,20.0,58.0,15.0,10.0,24.1,98.51,36.0,
2016-08-04 12:00:00,29.2,20.8,60.0,15.0,18.0,24.1,98.47,37.0,
2016-08-04 13:00:00,29.1,20.5,59.0,14.0,15.0,24.1,98.43,37.0,Mainly Clear
2016-08-04 14:00:00,29.9,19.8,54.0,15.0,16.0,24.1,98.4,37.0,
2016-08-04 15:00:00,30.2,20.1,54.0,18.0,21.0,24.1,98.32,38.0,
2016-08-04 16:00:00,29.6,19.5,54.0,18.0,18.0,24.1,98.32,37.0,Mainly Clear
2016-08-04 17:00:00,29.4,19.0,53.0,17.0,18.0,24.1,98.3,36.0,
2016-08-04 18:00:00,28.4,17.8,52.0,16.0,19.0,24.1,98.25,34.0,
2016-08-04 19:00:00,26.9,19.2,62.0,16.0,17.0,24.1,98.2,34.0,Mainly Clear
2016-08-04 20:00:00,25.1,20.0,73.0,17.0,8.0,24.1,98.19,33.0,
2016-08-04 21:00:00,22.9,19.9,83.0,13.0,7.0,24.1,98.17,30.0,
2016-08-04 22:00:00,22.9,20.8,88.0,16.0,10.0,24.1,98.11,31.0,Clear
2016-08-04 23:00:00,23.0,21.5,91.0,18.0,10.0,24.1,98.12,32.0,
2016-08-05 00:00:00,22.6,21.4,93.0,17.0,10.0,24.1,98.1,31.0,
2016-08-05 01:00:00,22.0,21.0,94.0,18.0,6.0,24.1,98.06,30.0,Mainly Clear
2016-08-05 02:00:00,21.9,20.7,93.0,17.0,8.0,24.1,98.03,30.0,
2016-08-05 03:00:00,21.0,20.4,96.0,15.0,8.0,24.1,97.97,29.0,
2016-08-05 04:00:00,21.2,20.6,96.0,15.0,7.0,24.1,97.94,29.0,Mainly Clear
2016-08-05 05:00:00,20.6,20.1,97.0,14.0,7.0,24.1,97.91,28.0,
2016-08-05 06:00:00,21.7,21.4,98.0,17.0,5.0,24.1,97.95,30.0,
2016-08-05 07:00:00,24.3,22.8,91.0,19.0,12.0,24.1,97.93,34.0,Mostly Cloudy
2016-08-05 08:00:00,27.6,23.9,80.0,21.0,15.0,19.3,97.91,39.0,
2016-08-05 09:00:00,27.4,22.9,76.0,20.0,24.0,24.1,97.84,38.0,
2016-08-05 10:00:00,28.7,23.0,71.0,21.0,17.0,24.1,97.79,39.0,Mainly Clear
2016-08-05 11:00:00,29.7,21.8,62.0,21.0,26.0,24.1,97.79,39.0,
2016-08-05 12:00:00,29.9,20.7,57.0,24.0,25.0,24.1,97.7,38.0,
2016-08-05 13:00:00,29.9,20.9,58.0,23.0,28.0,24.1,97.68,38.0,Cloudy
2016-08-05 14:00:00,29.6,21.7,62.0,22.0,31.0,24.1,97.65,39.0,
2016-08-05 15:00:00,29.9,22.8,65.0,23.0,18.0,24.1,97.61,40.0,
2016-08-05 16:00:00,28.3,21.7,67.0,24.0,20.0,24.1,97.59,37.0,Mostly Cloudy
2016-08-05 17:00:00,29.4,21.8,63.0,24.0,17.0,24.1,97.56,39.0,
2016-08-05 18:00:00,28.2,22.1,69.0,25.0,12.0,24.1,97.53,38.0,
2016-08-05 19:00:00,25.7,21.9,79.0,27.0,16.0,24.1,97.58,35.0,Mostly Cloudy
2016-08-05 20:00:00,24.2,20.8,81.0,26.0,12.0,24.1,97.61,32.0,
2016-08-05 21:00:00,23.0,20.6,86.0,27.0,8.0,24.1,97.65,31.0,
2016-08-05 22:00:00,22.6,20.7,89.0,33.0,12.0,24.1,97.67,31.0,Clear
2016-08-05 23:00:00,21.0,17.9,82.0,36.0,10.0,24.1,97.74,27.0,
2016-08-06 00:00:00,19.4,16.7,84.0,35.0,7.0,24.1,97.77,,
2016-08-06 01:00:00,18.7,16.4,86.0,34.0,10.0,24.1,97.76,,Mainly Clear
2016-08-06 02:00:00,18.9,16.0,83.0,34.0,11.0,24.1,97.8,,
2016-08-06 03:00:00,18.1,15.9,87.0,31.0,9.0,24.1,97.8,,
2016-08-06 04:00:00,16.6,15.1,91.0,27.0,5.0,24.1,97.84,,Mainly Clear
2016-08-06 05:00:00,17.5,15.3,87.0,30.0,8.0,24.1,97.89,,
2016-08-06 06:00:00,17.5,15.5,88.0,29.0,7.0,24.1,97.94,,
2016-08-06 07:00:00,19.2,16.3,83.0,29.0,9.0,24.1,97.96,,Clear
2016-08-06 08:00:00,21.2,16.5,74.0,31.0,11.0,24.1,98.0,26.0,
2016-08-06 09:00:00,22.2,16.1,68.0,31.0,17.0,24.1,98.0,27.0,
2016-08-06 10:00:00,23.1,15.8,63.0,31.0,15.0,24.1,98.0,28.0,Mostly Cloudy
2016-08-06 11:00:00,25.0,16.6,59.0,33.0,13.0,24.1,98.02,30.0,
2016-08-06 12:00:00,25.3,14.9,52.0,34.0,19.0,24.1,98.02,29.0,
2016-08-06 13:00:00,24.5,15.0,55.0,31.0,18.0,24.1,98.03,28.0,Mostly Cloudy
2016-08-06 14:00:00,25.7,15.9,54.0,28.0,21.0,24.1,98.01,30.0,
2016-08-06 15:00:00,25.6,15.2,52.0,32.0,20.0,24.1,98.0,30.0,
2016-08-06 16:00:00,25.4,13.8,48.0,31.0,19.0,24.1,97.99,29.0,Mainly Clear
2016-08-06 17:00:00,25.2,13.9,49.0,32.0,21.0,24.1,97.97,29.0,
2016-08-06 18:00:00,24.6,12.7,47.0,33.0,18.0,24.1,97.98,27.0,
2016-08-06 19:00:00,23.3,13.6,54.0,30.0,9.0,24.1,97.98,26.0,Mainly Clear
2016-08-06 20:00:00,20.7,13.8,64.0,35.0,5.0,24.1,98.0,,
2016-08-06 21:00:00,18.1,14.1,77.0,24.0,3.0,24.1,98.07,,
2016-08-06 22:00:00,17.3,14.6,84.0,30.0,4.0,24.1,98.09,,Mainly Clear
2016-08-06 23:00:00,18.4,15.7,84.0,30.0,5.0,24.1,98.12,,
2016-08-07 00:00:00,18.6,16.4,87.0,36.0,3.0,24.1,98.15,,
2016-08-07 01:00:00,18.0,15.5,85.0,28.0,7.0,24.1,98.15,,Mostly Cloudy
2016-08-07 02:00:00,18.7,14.8,78.0,31.0,5.0,24.1,98.16,,
2016-08-07 03:00:00,18.1,14.6,80.0,35.0,10.0,24.1,98.16,,
2016-08-07 04:00:00,17.4,14.7,84.0,35.0,9.0,24.1,98.2,,Mainly Clear
2016-08-07 05:00:00,16.7,14.7,88.0,34.0,9.0,24.1,98.23,,
2016-08-07 06:00:00,17.1,15.1,88.0,31.0,8.0,24.1,98.28,,
2016-08-07 07:00:00,18.6,15.5,82.0,33.0,14.0,24.1,98.34,,Clear
2016-08-07 08:00:00,20.1,15.8,76.0,33.0,19.0,24.1,98.36,25.0,
2016-08-07 09:00:00,21.6,16.0,70.0,33.0,16.0,24.1,98.38,26.0,
2016-08-07 10:00:00,22.9,15.1,61.0,34.0,18.0,24.1,98.39,27.0,Mainly Clear
2016-08-07 11:00:00,23.9,16.3,62.0,34.0,14.0,24.1,98.4,29.0,
2016-08-07 12:00:00,24.4,15.8,58.0,35.0,17.0,24.1,98.41,29.0,
2016-08-07 13:00:00,24.0,14.3,54.0,31.0,14.0,24.1,98.42,28.0,Mostly Cloudy
2016-08-07 14:00:00,25.4,14.4,50.0,32.0,20.0,24.1,98.41,29.0,
2016-08-07 15:00:00,25.1,14.7,52.0,31.0,15.0,24.1,98.4,29.0,
2016-08-07 16:00:00,25.3,15.5,54.0,32.0,14.0,22.5,98.4,30.0,Mostly Cloudy
2016-08-07 17:00:00,23.2,14.1,56.0,32.0,20.0,24.1,98.42,27.0,
2016-08-07 18:00:00,22.4,14.6,61.0,32.0,16.0,24.1,98.42,26.0,
2016-08-07 19:00:00,21.4,12.9,58.0,32.0,13.0,24.1,98.4,,Mostly Cloudy
2016-08-07 20:00:00,19.1,12.7,66.0,33.0,13.0,24.1,98.42,,
2016-08-07 21:00:00,17.8,12.8,72.0,33.0,4.0,24.1,98.48,,
2016-08-07 22:00:00,15.3,12.5,83.0,34.0,10.0,24.1,98.49,,Mainly Clear
2016-08-07 23:00:00,14.6,11.6,82.0,2.0,5.0,24.1,98.5,,
2016-08-08 00:00:00,12.8,11.4,91.0,34.0,8.0,24.1,98.53,,
2016-08-08 01:00:00,12.7,11.1,90.0,35.0,10.0,24.1,98.54,,Clear
2016-08-08 02:00:00,11.8,10.7,93.0,35.0,12.0,24.1,98.56,,
2016-08-08 03:00:00,11.8,10.6,92.0,36.0,12.0,24.1,98.58,,
2016-08-08 04:00:00,11.9,11.1,95.0,1.0,12.0,24.1,98.6,,Mainly Clear
2016-08-08 05:00:00,12.5,11.3,92.0,2.0,10.0,24.1,98.62,,
2016-08-08 06:00:00,11.7,10.6,93.0,36.0,2.0,24.1,98.68,,
2016-08-08 07:00:00,15.9,12.7,81.0,4.0,4.0,24.1,98.72,,Mainly Clear
2016-08-08 08:00:00,19.6,13.6,68.0,5.0,12.0,24.1,98.75,,
2016-08-08 09:00:00,22.2,14.7,62.0,7.0,14.0,24.1,98.75,26.0,
2016-08-08 10:00:00,23.5,14.4,56.0,8.0,13.0,24.1,98.76,27.0,Mainly Clear
2016-08-08 11:00:00,25.0,12.4,45.0,13.0,9.0,24.1,98.76,27.0,
2016-08-08 12:00:00,25.5,10.8,39.0,7.0,12.0,24.1,98.71,27.0,
2016-08-08 13:00:00,26.2,9.8,35.0,7.0,10.0,24.1,98.67,27.0,Mainly Clear
2016-08-08 14:00:00,26.8,10.7,36.0,3.0,6.0,24.1,98.64,28.0,
2016-08-08 15:00:00,27.3,10.8,35.0,4.0,7.0,24.1,98.59,29.0,
2016-08-08 16:00:00,27.7,11.1,35.0,4.0,5.0,24.1,98.59,30.0,Mainly Clear
2016-08-08 17:00:00,27.3,11.6,37.0,14.0,4.0,24.1,98.57,29.0,
2016-08-08 18:00:00,26.8,11.9,39.0,6.0,7.0,24.1,98.54,29.0,
2016-08-08 19:00:00,25.1,12.9,46.0,6.0,7.0,24.1,98.55,28.0,Mainly Clear
2016-08-08 20:00:00,22.4,12.8,54.0,6.0,10.0,24.1,98.56,25.0,
2016-08-08 21:00:00,20.8,12.9,60.0,10.0,9.0,24.1,98.62,,
2016-08-08 22:00:00,19.2,12.6,65.0,8.0,6.0,24.1,98.62,,Clear
2016-08-08 23:00:00,18.1,12.2,68.0,7.0,8.0,24.1,98.63,,
2016-08-09 00:00:00,17.3,11.6,69.0,8.0,4.0,24.1,98.64,,
2016-08-09 01:00:00,16.0,11.4,74.0,8.0,7.0,24.1,98.64,,Mainly Clear
2016-08-09 02:00:00,14.3,11.5,83.0,7.0,4.0,24.1,98.65,,
2016-08-09 03:00:00,14.9,10.8,76.0,6.0,9.0,24.1,98.63,,
2016-08-09 04:00:00,14.6,11.4,81.0,8.0,10.0,24.1,98.6,,Mainly Clear
2016-08-09 05:00:00,15.3,11.9,80.0,7.0,9.0,24.1,98.63,,
2016-08-09 06:00:00,15.3,12.8,85.0,9.0,13.0,24.1,98.64,,
2016-08-09 07:00:00,18.4,14.6,78.0,10.0,11.0,24.1,98.68,,Mainly Clear
2016-08-09 08:00:00,22.4,18.2,77.0,12.0,12.0,24.1,98.66,29.0,
2016-08-09 09:00:00,25.3,19.1,68.0,15.0,15.0,24.1,98.64,32.0,
2016-08-09 10:00:00,26.6,19.1,63.0,14.0,12.0,24.1,98.63,33.0,Mainly Clear
2016-08-09 11:00:00,28.2,18.2,54.0,13.0,17.0,24.1,98.61,34.0,
2016-08-09 12:00:00,28.9,16.4,46.0,15.0,17.0,24.1,98.55,34.0,
2016-08-09 13:00:00,30.2,15.8,41.0,15.0,20.0,24.1,98.49,35.0,Mostly Cloudy
2016-08-09 14:00:00,30.2,15.0,39.0,17.0,17.0,24.1,98.47,34.0,
2016-08-09 15:00:00,29.2,17.3,48.0,17.0,18.0,24.1,98.44,35.0,
2016-08-09 16:00:00,28.8,14.9,42.0,19.0,17.0,24.1,98.41,33.0,Mostly Cloudy
2016-08-09 17:00:00,27.6,15.5,47.0,16.0,13.0,24.1,98.4,32.0,
2016-08-09 18:00:00,27.1,13.7,43.0,17.0,12.0,24.1,98.38,30.0,
2016-08-09 19:00:00,26.2,15.8,52.0,15.0,10.0,24.1,98.35,31.0,Mostly Cloudy
2016-08-09 20:00:00,24.7,17.1,62.0,13.0,9.0,24.1,98.37,30.0,
2016-08-09 21:00:00,23.7,17.6,68.0,13.0,5.0,24.1,98.41,29.0,
2016-08-09 22:00:00,23.7,18.2,71.0,14.0,4.0,24.1,98.41,30.0,Cloudy
2016-08-09 23:00:00,21.9,18.4,80.0,1.0,5.0,24.1,98.42,28.0,
2016-08-10 00:00:00,21.2,18.1,82.0,36.0,8.0,24.1,98.44,27.0,
2016-08-10 01:00:00,20.1,17.9,87.0,36.0,2.0,24.1,98.4,26.0,Mainly Clear
2016-08-10 02:00:00,18.7,17.4,92.0,34.0,3.0,24.1,98.43,,
2016-08-10 03:00:00,18.2,17.4,95.0,33.0,5.0,24.1,98.45,,
2016-08-10 04:00:00,17.8,17.2,96.0,33.0,4.0,24.1,98.43,,Clear
2016-08-10 05:00:00,17.7,16.7,94.0,13.0,3.0,19.3,98.47,,
2016-08-10 06:00:00,18.1,17.5,96.0,12.0,4.0,19.3,98.55,,
2016-08-10 07:00:00,21.9,19.9,88.0,32.0,3.0,19.3,98.61,29.0,Mostly Cloudy
2016-08-10 08:00:00,25.3,20.6,75.0,30.0,7.0,24.1,98.64,33.0,
2016-08-10 09:00:00,27.4,19.9,63.0,29.0,8.0,24.1,98.62,35.0,
2016-08-10 10:00:00,29.0,20.6,60.0,27.0,11.0,24.1,98.65,37.0,Mainly Clear
2016-08-10 11:00:00,30.1,19.1,51.0,24.0,7.0,24.1,98.65,37.0,
2016-08-10 12:00:00,31.7,20.2,50.0,22.0,18.0,24.1,98.62,39.0,
2016-08-10 13:00:00,30.4,19.0,50.0,23.0,17.0,24.1,98.65,37.0,Mostly Cloudy
2016-08-10 14:00:00,31.2,19.1,48.0,26.0,13.0,24.1,98.6,38.0,
2016-08-10 15:00:00,32.1,19.3,46.0,29.0,13.0,24.1,98.58,39.0,
2016-08-10 16:00:00,31.4,16.5,40.0,32.0,19.0,24.1,98.59,36.0,Mainly Clear
2016-08-10 17:00:00,30.7,15.8,40.0,32.0,13.0,24.1,98.55,35.0,
2016-08-10 18:00:00,29.9,16.6,44.0,34.0,9.0,24.1,98.49,35.0,
2016-08-10 19:00:00,28.3,18.0,53.0,28.0,4.0,24.1,98.53,34.0,Mainly Clear
2016-08-10 20:00:00,25.4,20.5,74.0,19.0,8.0,24.1,98.52,33.0,
2016-08-10 21:00:00,23.4,20.4,83.0,10.0,5.0,24.1,98.61,31.0,
2016-08-10 22:00:00,22.6,20.0,85.0,14.0,7.0,24.1,98.6,30.0,Mainly Clear
2016-08-10 23:00:00,22.7,19.9,84.0,11.0,5.0,24.1,98.59,30.0,
2016-08-11 00:00:00,21.1,20.8,98.0,35.0,5.0,24.1,98.65,29.0,
2016-08-11 01:00:00,20.2,19.6,96.0,8.0,3.0,9.7,98.64,27.0,Fog
2016-08-11 02:00:00,19.2,18.6,96.0,2.0,3.0,6.4,98.6,,Fog
2016-08-11 03:00:00,19.3,19.0,98.0,11.0,5.0,1.2,98.61,,Fog
2016-08-11 04:00:00,18.7,18.7,100.0,36.0,2.0,0.2,98.57,,Fog
2016-08-11 05:00:00,19.3,19.3,100.0,10.0,4.0,0.2,98.57,,Fog
2016-08-11 06:00:00,20.5,20.5,100.0,8.0,6.0,0.2,98.59,28.0,Fog
2016-08-11 07:00:00,21.1,21.1,100.0,8.0,5.0,0.4,98.61,30.0,Fog
2016-08-11 08:00:00,22.5,22.5,100.0,15.0,11.0,0.6,98.6,32.0,Fog
2016-08-11 09:00:00,25.7,24.0,90.0,17.0,18.0,8.1,98.52,37.0,Fog
2016-08-11 10:00:00,26.9,23.8,83.0,16.0,16.0,24.1,98.52,38.0,Mostly Cloudy
2016-08-11 11:00:00,27.9,24.0,79.0,19.0,21.0,24.1,98.49,39.0,
2016-08-11 12:00:00,26.8,25.1,90.0,20.0,14.0,24.1,98.44,39.0,"Thunderstorms,Rain Showers"
2016-08-11 13:00:00,23.6,23.1,97.0,20.0,24.0,4.8,98.43,34.0,"Thunderstorms,Rain Showers,Fog"
2016-08-11 14:00:00,26.6,24.7,89.0,17.0,10.0,24.1,98.28,39.0,
2016-08-11 15:00:00,29.3,25.4,79.0,20.0,16.0,19.3,98.24,42.0,
2016-08-11 16:00:00,28.5,24.0,76.0,19.0,18.0,24.1,98.13,40.0,Mostly Cloudy
2016-08-11 17:00:00,28.6,23.4,73.0,19.0,14.0,24.1,98.1,39.0,
2016-08-11 18:00:00,27.3,23.4,79.0,17.0,18.0,24.1,98.07,38.0,
2016-08-11 19:00:00,26.9,23.4,81.0,18.0,19.0,19.3,98.09,38.0,Mostly Cloudy
2016-08-11 20:00:00,26.2,23.3,84.0,19.0,14.0,19.3,98.02,37.0,
2016-08-11 21:00:00,25.5,23.2,87.0,19.0,17.0,19.3,98.03,36.0,
2016-08-11 22:00:00,24.7,23.2,91.0,19.0,16.0,24.1,97.99,35.0,Mostly Cloudy
2016-08-11 23:00:00,24.6,23.2,92.0,19.0,13.0,24.1,97.94,35.0,
2016-08-12 00:00:00,24.8,23.4,92.0,21.0,14.0,24.1,97.92,35.0,
2016-08-12 01:00:00,24.6,23.4,93.0,21.0,14.0,24.1,97.91,35.0,Mainly Clear
2016-08-12 02:00:00,24.6,23.4,93.0,23.0,13.0,24.1,97.88,35.0,
2016-08-12 03:00:00,24.5,23.5,94.0,22.0,15.0,24.1,97.83,35.0,
2016-08-12 04:00:00,24.8,23.6,93.0,23.0,18.0,24.1,97.81,36.0,Mainly Clear
2016-08-12 05:00:00,24.8,23.4,92.0,23.0,16.0,19.3,97.82,35.0,
2016-08-12 06:00:00,24.4,23.2,93.0,24.0,11.0,19.3,97.84,35.0,
2016-08-12 07:00:00,25.7,24.0,90.0,23.0,15.0,16.1,97.87,37.0,Mostly Cloudy
2016-08-12 08:00:00,27.2,24.5,85.0,22.0,23.0,19.3,97.86,39.0,
2016-08-12 09:00:00,28.2,24.9,82.0,23.0,20.0,24.1,97.82,40.0,
2016-08-12 10:00:00,28.4,24.9,81.0,24.0,21.0,24.1,97.83,41.0,Mostly Cloudy
2016-08-12 11:00:00,29.9,24.7,73.0,26.0,16.0,24.1,97.85,42.0,
2016-08-12 12:00:00,30.2,25.2,74.0,24.0,18.0,24.1,97.81,43.0,
2016-08-12 13:00:00,31.3,24.4,66.0,24.0,23.0,24.1,97.74,43.0,Mostly Cloudy
2016-08-12 14:00:00,32.1,24.6,64.0,24.0,22.0,19.3,97.71,44.0,
2016-08-12 15:00:00,32.6,25.3,65.0,22.0,16.0,24.1,97.67,45.0,
2016-08-12 16:00:00,23.8,21.7,88.0,2.0,18.0,24.1,97.76,33.0,"Thunderstorms,Rain Showers"
2016-08-12 17:00:00,26.7,21.1,71.0,16.0,9.0,1.6,97.92,35.0,"Thunderstorms,Heavy Rain Showers,Haze"
2016-08-12 18:00:00,23.1,22.8,98.0,15.0,10.0,16.1,97.79,33.0,"Thunderstorms,Rain Showers"
2016-08-12 19:00:00,23.3,22.8,97.0,18.0,4.0,12.9,97.78,33.0,Rain Showers
2016-08-12 20:00:00,23.6,22.9,96.0,21.0,10.0,9.7,97.84,34.0,"Thunderstorms,Moderate Rain Showers,Fog"
2016-08-12 21:00:00,22.5,22.3,99.0,2.0,5.0,16.1,97.85,32.0,
2016-08-12 22:00:00,22.5,22.3,99.0,36.0,1.0,16.1,97.87,32.0,Cloudy
2016-08-12 23:00:00,22.9,22.7,99.0,12.0,3.0,12.9,97.84,33.0,
2016-08-13 00:00:00,22.6,22.4,99.0,8.0,3.0,12.9,97.88,32.0,
2016-08-13 01:00:00,22.3,22.3,100.0,13.0,7.0,1.6,97.83,32.0,Fog
2016-08-13 02:00:00,22.1,22.1,100.0,14.0,7.0,2.0,97.78,32.0,Fog
2016-08-13 03:00:00,22.9,22.9,100.0,21.0,8.0,4.8,97.76,33.0,Fog
2016-08-13 04:00:00,23.3,22.8,97.0,24.0,8.0,9.7,97.76,33.0,"Thunderstorms,Rain Showers,Fog"
2016-08-13 05:00:00,23.4,23.1,98.0,18.0,8.0,24.1,97.74,34.0,
2016-08-13 06:00:00,23.5,23.2,98.0,16.0,7.0,9.7,97.73,34.0,Fog
2016-08-13 07:00:00,24.4,23.9,97.0,18.0,14.0,16.1,97.72,36.0,Cloudy
2016-08-13 08:00:00,25.6,24.4,93.0,21.0,20.0,24.1,97.69,37.0,
2016-08-13 09:00:00,26.3,24.8,91.0,19.0,18.0,24.1,97.65,38.0,
2016-08-13 10:00:00,26.5,24.2,87.0,20.0,36.0,12.9,97.61,38.0,Rain Showers
2016-08-13 11:00:00,26.3,24.4,89.0,22.0,26.0,12.9,97.64,38.0,Rain Showers
2016-08-13 12:00:00,26.7,24.8,89.0,24.0,24.0,16.1,97.59,39.0,Rain Showers
2016-08-13 13:00:00,25.8,24.6,93.0,23.0,14.0,24.1,97.6,38.0,Cloudy
2016-08-13 14:00:00,26.4,23.9,86.0,24.0,22.0,19.3,97.56,38.0,Thunderstorms
2016-08-13 15:00:00,25.8,24.6,93.0,21.0,15.0,12.9,97.53,38.0,"Thunderstorms,Moderate Rain Showers"
2016-08-13 16:00:00,27.3,25.0,87.0,21.0,20.0,24.1,97.53,40.0,Mostly Cloudy
2016-08-13 17:00:00,25.8,24.1,90.0,22.0,31.0,16.1,97.56,37.0,Rain Showers
2016-08-13 18:00:00,22.2,20.7,91.0,24.0,14.0,12.9,97.6,30.0,Rain
2016-08-13 19:00:00,22.6,21.9,96.0,22.0,13.0,24.1,97.64,32.0,Mostly Cloudy
2016-08-13 20:00:00,23.3,22.6,96.0,24.0,21.0,24.1,97.64,33.0,
2016-08-13 21:00:00,23.2,22.5,96.0,29.0,10.0,24.1,97.75,33.0,
2016-08-13 22:00:00,23.3,22.8,97.0,23.0,9.0,16.1,97.75,33.0,Mostly Cloudy
2016-08-13 23:00:00,23.5,23.0,97.0,24.0,14.0,12.9,97.8,34.0,
2016-08-14 00:00:00,22.7,21.9,95.0,31.0,12.0,12.9,97.84,32.0,
2016-08-14 01:00:00,21.0,20.4,96.0,31.0,10.0,16.1,97.85,29.0,Mostly Cloudy
2016-08-14 02:00:00,20.2,19.6,96.0,30.0,13.0,16.1,97.91,27.0,
2016-08-14 03:00:00,20.0,19.4,96.0,31.0,10.0,16.1,97.96,27.0,
2016-08-14 04:00:00,19.7,19.1,96.0,31.0,8.0,16.1,98.02,,Mostly Cloudy
2016-08-14 05:00:00,19.5,19.0,97.0,30.0,7.0,16.1,98.05,,
2016-08-14 06:00:00,19.4,18.9,97.0,28.0,5.0,16.1,98.14,,
2016-08-14 07:00:00,20.5,19.2,92.0,30.0,4.0,24.1,98.2,27.0,Mostly Cloudy
2016-08-14 08:00:00,21.0,19.8,93.0,28.0,5.0,24.1,98.29,28.0,
2016-08-14 09:00:00,22.5,20.6,89.0,30.0,8.0,24.1,98.3,31.0,
2016-08-14 10:00:00,23.3,19.9,81.0,28.0,12.0,24.1,98.33,31.0,Mostly Cloudy
2016-08-14 11:00:00,23.6,20.2,81.0,27.0,10.0,24.1,98.38,31.0,
2016-08-14 12:00:00,24.7,20.3,76.0,28.0,13.0,24.1,98.37,33.0,
2016-08-14 13:00:00,25.1,19.4,70.0,28.0,14.0,24.1,98.4,32.0,Cloudy
2016-08-14 14:00:00,26.0,19.0,65.0,28.0,8.0,24.1,98.43,33.0,
2016-08-14 15:00:00,25.3,20.0,72.0,30.0,16.0,24.1,98.4,33.0,
2016-08-14 16:00:00,24.5,19.0,71.0,30.0,14.0,24.1,98.44,31.0,Cloudy
2016-08-14 17:00:00,24.0,19.6,76.0,32.0,12.0,24.1,98.48,31.0,
2016-08-14 18:00:00,23.7,19.7,78.0,30.0,5.0,24.1,98.5,31.0,
2016-08-14 19:00:00,23.0,20.0,83.0,36.0,2.0,24.1,98.51,31.0,Mostly Cloudy
2016-08-14 20:00:00,20.8,19.8,94.0,30.0,4.0,24.1,98.58,28.0,
2016-08-14 21:00:00,19.3,18.7,96.0,1.0,5.0,24.1,98.66,,
2016-08-14 22:00:00,18.9,18.7,99.0,36.0,4.0,24.1,98.69,,Mainly Clear
2016-08-14 23:00:00,18.5,18.2,98.0,36.0,1.0,24.1,98.73,,
2016-08-15 00:00:00,18.4,18.2,99.0,36.0,2.0,24.1,98.73,,
2016-08-15 01:00:00,18.4,18.2,99.0,7.0,4.0,24.1,98.72,,Cloudy
2016-08-15 02:00:00,17.8,17.5,98.0,12.0,6.0,24.1,98.75,,
2016-08-15 03:00:00,18.0,17.8,99.0,9.0,5.0,24.1,98.77,,
2016-08-15 04:00:00,17.9,17.6,98.0,8.0,6.0,24.1,98.8,,Mostly Cloudy
2016-08-15 05:00:00,17.8,17.5,98.0,6.0,6.0,19.3,98.81,,
2016-08-15 06:00:00,18.4,17.9,97.0,7.0,7.0,16.1,98.83,,
2016-08-15 07:00:00,19.4,18.6,95.0,8.0,7.0,19.3,98.87,,Cloudy
2016-08-15 08:00:00,20.9,19.6,92.0,12.0,10.0,24.1,98.89,28.0,
2016-08-15 09:00:00,22.3,19.3,83.0,13.0,14.0,24.1,98.93,29.0,
2016-08-15 10:00:00,23.6,20.8,84.0,13.0,25.0,24.1,98.94,32.0,Cloudy
2016-08-15 11:00:00,24.2,20.6,80.0,13.0,21.0,24.1,98.95,32.0,
2016-08-15 12:00:00,25.7,21.0,75.0,15.0,19.0,24.1,98.9,34.0,
2016-08-15 13:00:00,25.4,21.2,77.0,14.0,16.0,24.1,98.89,34.0,Cloudy
2016-08-15 14:00:00,26.7,20.7,69.0,16.0,17.0,24.1,98.86,35.0,
2016-08-15 15:00:00,24.2,20.6,80.0,16.0,26.0,24.1,98.81,32.0,
2016-08-15 16:00:00,23.7,20.1,80.0,14.0,13.0,24.1,98.8,31.0,Cloudy
2016-08-15 17:00:00,23.7,20.5,82.0,15.0,12.0,24.1,98.76,32.0,
2016-08-15 18:00:00,22.9,20.5,86.0,11.0,11.0,24.1,98.74,31.0,
2016-08-15 19:00:00,22.5,20.6,89.0,12.0,9.0,24.1,98.75,31.0,Cloudy
2016-08-15 20:00:00,21.9,20.7,93.0,15.0,9.0,24.1,98.77,30.0,
2016-08-15 21:00:00,21.7,20.9,95.0,10.0,5.0,24.1,98.8,30.0,
2016-08-15 22:00:00,21.4,20.8,96.0,10.0,7.0,24.1,98.78,30.0,Cloudy
2016-08-15 23:00:00,21.7,20.9,95.0,13.0,7.0,24.1,98.77,30.0,
2016-08-16 00:00:00,21.4,20.9,97.0,12.0,7.0,24.1,98.7,30.0,
2016-08-16 01:00:00,21.2,20.9,98.0,12.0,7.0,24.1,98.68,30.0,Cloudy
2016-08-16 02:00:00,21.3,21.1,99.0,8.0,5.0,12.9,98.61,30.0,Rain
2016-08-16 03:00:00,21.4,21.2,99.0,10.0,8.0,8.1,98.55,30.0,"Rain,Fog"
2016-08-16 04:00:00,21.4,21.2,99.0,9.0,16.0,4.8,98.47,30.0,"Rain,Fog"
2016-08-16 05:00:00,21.5,21.3,99.0,14.0,10.0,2.4,98.44,30.0,"Rain,Fog"
2016-08-16 06:00:00,21.0,20.7,98.0,10.0,23.0,8.1,98.3,29.0,"Rain,Fog"
2016-08-16 07:00:00,20.9,20.6,98.0,14.0,21.0,4.0,98.27,29.0,"Rain,Fog"
2016-08-16 08:00:00,22.5,22.2,98.0,15.0,24.0,19.3,98.15,32.0,
2016-08-16 09:00:00,23.7,22.5,93.0,18.0,30.0,24.1,98.08,33.0,
2016-08-16 10:00:00,24.0,21.9,88.0,20.0,36.0,24.1,98.02,33.0,Cloudy
2016-08-16 11:00:00,24.1,22.0,88.0,20.0,32.0,24.1,97.97,33.0,Rain Showers
2016-08-16 12:00:00,24.3,22.4,89.0,21.0,32.0,24.1,97.95,34.0,
2016-08-16 13:00:00,24.6,22.2,86.0,23.0,40.0,24.1,97.97,34.0,Cloudy
2016-08-16 14:00:00,24.6,21.0,80.0,27.0,32.0,24.1,98.07,33.0,
2016-08-16 15:00:00,24.2,20.0,77.0,28.0,27.0,24.1,98.12,32.0,
2016-08-16 16:00:00,24.2,19.2,73.0,29.0,28.0,24.1,98.16,31.0,Mostly Cloudy
2016-08-16 17:00:00,22.5,19.1,81.0,30.0,17.0,24.1,98.2,29.0,
2016-08-16 18:00:00,22.6,18.8,79.0,32.0,19.0,24.1,98.27,29.0,
2016-08-16 19:00:00,21.1,17.8,81.0,30.0,12.0,24.1,98.3,27.0,Mostly Cloudy
2016-08-16 20:00:00,19.6,17.8,89.0,28.0,8.0,24.1,98.4,,
2016-08-16 21:00:00,18.8,17.7,93.0,28.0,9.0,24.1,98.5,,
2016-08-16 22:00:00,18.2,17.6,96.0,29.0,8.0,24.1,98.56,,Mostly Cloudy
2016-08-16 23:00:00,18.0,17.4,96.0,30.0,8.0,24.1,98.59,,
2016-08-17 00:00:00,17.6,17.0,96.0,31.0,5.0,24.1,98.62,,
2016-08-17 01:00:00,17.1,16.8,98.0,28.0,7.0,24.1,98.65,,Mainly Clear
2016-08-17 02:00:00,17.1,16.6,97.0,31.0,5.0,24.1,98.65,,
2016-08-17 03:00:00,16.5,16.0,97.0,36.0,2.0,24.1,98.63,,
2016-08-17 04:00:00,15.7,15.6,99.0,22.0,6.0,24.1,98.66,,Mostly Cloudy
2016-08-17 05:00:00,15.6,15.3,98.0,8.0,6.0,24.1,98.64,,
2016-08-17 06:00:00,15.7,15.6,99.0,36.0,3.0,24.1,98.67,,
2016-08-17 07:00:00,17.5,16.9,96.0,9.0,5.0,24.1,98.67,,Mostly Cloudy
2016-08-17 08:00:00,19.1,17.8,92.0,14.0,13.0,24.1,98.71,,
2016-08-17 09:00:00,21.3,18.7,85.0,15.0,9.0,24.1,98.71,28.0,
2016-08-17 10:00:00,23.7,19.7,78.0,18.0,12.0,24.1,98.7,31.0,Mostly Cloudy
2016-08-17 11:00:00,25.6,20.5,73.0,18.0,19.0,24.1,98.64,34.0,
2016-08-17 12:00:00,25.6,20.3,72.0,21.0,15.0,24.1,98.58,33.0,
2016-08-17 13:00:00,25.9,20.8,73.0,19.0,21.0,24.1,98.51,34.0,Mostly Cloudy
2016-08-17 14:00:00,25.7,21.0,75.0,18.0,21.0,24.1,98.43,34.0,
2016-08-17 15:00:00,26.2,20.6,71.0,21.0,23.0,24.1,98.36,34.0,
2016-08-17 16:00:00,25.5,20.8,75.0,19.0,17.0,24.1,98.34,34.0,Mostly Cloudy
2016-08-17 17:00:00,25.1,21.3,79.0,21.0,17.0,24.1,98.34,34.0,
2016-08-17 18:00:00,20.1,19.0,93.0,20.0,12.0,24.1,98.38,27.0,
2016-08-17 19:00:00,19.8,19.0,95.0,9.0,3.0,24.1,98.41,,Mostly Cloudy
2016-08-17 20:00:00,19.7,19.1,96.0,16.0,5.0,24.1,98.37,,
2016-08-17 21:00:00,19.3,19.0,98.0,13.0,4.0,24.1,98.36,,
2016-08-17 22:00:00,18.7,18.5,99.0,25.0,3.0,24.1,98.36,,Mainly Clear
2016-08-17 23:00:00,19.0,18.4,96.0,25.0,9.0,24.1,98.37,,
2016-08-18 00:00:00,19.6,19.1,97.0,27.0,7.0,24.1,98.41,,
2016-08-18 01:00:00,19.4,19.1,98.0,29.0,5.0,24.1,98.39,,Mostly Cloudy
2016-08-18 02:00:00,19.1,18.9,99.0,30.0,5.0,11.3,98.37,,
2016-08-18 03:00:00,18.8,18.6,99.0,35.0,7.0,4.0,98.38,,Fog
2016-08-18 04:00:00,19.0,18.7,98.0,31.0,5.0,8.1,98.41,,Fog
2016-08-18 05:00:00,18.8,18.6,99.0,34.0,12.0,9.7,98.44,,Fog
2016-08-18 06:00:00,18.9,18.3,96.0,35.0,9.0,16.1,98.51,,
2016-08-18 07:00:00,18.9,17.9,94.0,35.0,11.0,16.1,98.56,,Mostly Cloudy
2016-08-18 08:00:00,19.8,18.3,91.0,33.0,14.0,19.3,98.6,,
2016-08-18 09:00:00,20.9,18.3,85.0,35.0,10.0,24.1,98.57,27.0,
2016-08-18 10:00:00,22.0,18.8,82.0,35.0,14.0,24.1,98.58,29.0,Mostly Cloudy
2016-08-18 11:00:00,23.5,19.1,76.0,32.0,8.0,24.1,98.56,30.0,
2016-08-18 12:00:00,25.2,19.7,71.0,31.0,11.0,24.1,98.53,33.0,
2016-08-18 13:00:00,25.8,20.0,70.0,35.0,5.0,24.1,98.5,33.0,Mainly Clear
2016-08-18 14:00:00,26.6,18.9,62.0,30.0,9.0,24.1,98.48,33.0,
2016-08-18 15:00:00,27.6,18.2,56.0,26.0,13.0,24.1,98.45,34.0,
2016-08-18 16:00:00,26.8,18.5,60.0,30.0,4.0,24.1,98.43,33.0,Mostly Cloudy
2016-08-18 17:00:00,26.2,18.7,63.0,31.0,11.0,24.1,98.41,33.0,
2016-08-18 18:00:00,25.6,17.4,60.0,31.0,10.0,24.1,98.39,31.0,
2016-08-18 19:00:00,23.5,14.9,58.0,30.0,7.0,24.1,98.37,27.0,Mainly Clear
2016-08-18 20:00:00,19.9,16.4,80.0,23.0,3.0,24.1,98.36,,
2016-08-18 21:00:00,17.8,16.2,90.0,36.0,1.0,24.1,98.35,,
2016-08-18 22:00:00,17.3,16.3,94.0,17.0,4.0,24.1,98.36,,Mainly Clear
2016-08-18 23:00:00,16.5,15.4,93.0,1.0,3.0,24.1,98.37,,
